feature,importance
N03_007,66982.6
rosen_name1,21734.8
N03_004,20397.0
year_built,16234.8
unit_id,9208.4
floor_plan_code,9063.2
building_id,8826.0
rosen_name2,8615.0
geo_near_price_yoy,8559.6
bukken_id,8527.2
house_area,8280.8
land_youto,8266.6
building_age,7932.8
geo_knn_min_dist_km_k3,6586.4
grid_mean_cv,6442.0
grid_median_cv,5969.0
snapshot_land_area,5769.8
money_kyoueki_per_area,5627.8
money_shuuzen_per_area,5346.0
geo_near_land_area,5308.2
n05_station_min_dist_km,5102.2
school_ele_distance,5081.2
building_tag_id_freq,5033.2
addr2_name_freq,5028.8
unit_area,4981.0
walk_distance1,4877.0
statuses_freq,4865.2
school_jun_distance,4664.6
addr1_2,4411.2
post2,4146.0
geo_knn_mean_r0.5,4089.6
n05_station_second_dist_km,3988.0
area_per_room,3899.4
floor_plan_code_te_mean_cv,3804.6
geo_near_use_freq,3658.8
unit_tag_id_freq,3605.8
balcony_ratio,3596.2
building_land_area,3551.4
n05_station_mean_dist_k3,3445.6
land_main_dist_km,3418.6
unit_count,3418.4
money_kyoueki,3368.6
eki_name1_freq,3301.8
convenience_distance,3221.8
building_structure_te_mean_cv,3180.0
reform_interior,3174.6
land_price_yoy,3129.8
snapshot_create_date_month,3105.6
super_distance,3085.2
floor_ratio,3056.2
money_shuuzen,3014.8
geo_knn_median_r0.5,2966.4
dwelling_unit_window_angle,2927.0
snapshot_land_area_log1p,2916.4
floor_count,2846.2
geo_knn_count_r2.0,2747.8
building_modify_date_month,2649.2
geo_knn_mean_r1.0,2603.6
snapshot_window_angle,2575.4
school_ele_name_freq,2568.6
land_prev_dist_km,2495.0
geo_near_structure_freq,2378.6
geo_near_floor_below,2366.4
walk_distance2,2334.4
new_date_month,2320.2
N03_001,2246.4
total_floor_area,2158.2
building_modify_date_year,2157.6
geo_near_price,2157.4
school_jun_name_freq,2094.4
drugstore_distance,2093.4
target_ym,2091.6
geo_knn_median_r1.0,2075.2
house_area_bin_te_mean_cv,2060.6
snapshot_create_date_year,1986.8
geo_knn_mean_r2.0,1915.6
balcony_area,1872.0
park_distance,1857.2
geo_knn_count_r1.0,1851.2
reform_wet_area,1744.6
madori_number_all,1710.0
madori_kind_all,1681.0
unit_area_min,1672.0
building_land_area_log1p,1652.4
building_structure_te_median_cv,1639.8
house_area_log1p,1638.8
est_other_distance,1611.0
unit_area_max,1600.6
genkyo_code,1566.8
geo_knn_mean_k3,1555.0
geo_knn_median_r2.0,1554.6
addr1_2_te_mean_cv,1541.6
bukken_type_te_mean_cv,1540.8
hospital_distance,1527.0
geo_knn_median_k3,1496.0
geo_knn_mean_k20,1495.6
empty_contents_freq,1482.2
bank_distance,1468.2
geo_near_floor_above,1458.2
floor_plan_code_te_median_cv,1426.8
floor_plan_code_freq,1392.2
usable_status,1371.6
unit_name_freq,1363.8
rosen_name1_freq,1361.6
house_area_bin,1351.2
geo_knn_mean_k5,1349.0
eki_name2_freq,1318.4
geo_knn_min_dist_km_k5,1293.2
parking_kubun,1226.4
building_area_kind,1223.6
money_kyoueki_tax,1201.6
lat,1195.2
geo_knn_mean_k10,1182.0
geo_near_city_plan_freq,1171.6
N03_004_te_mean,1164.2
N03_001_te_mean,1161.0
geo_knn_mean_k8,1157.4
geo_knn_median_k5,1153.4
land_main_price,1137.2
geo_knn_median_k20,1119.4
addr1_1_te_mean_cv,1113.0
house_area_bin_te_median_cv,1096.4
room_kaisuu,1071.4
building_structure,1050.6
geo_near_bcr,1038.8
room_floor,1031.8
land_prev_price,1025.6
lon,983.6
unit_area_log1p,951.0
geo_knn_count_r0.5,940.6
land_main_price_k5,934.2
N03_007_te_mean,932.2
geo_near_fsr,924.4
land_youseki,917.0
geo_knn_median_k10,906.6
geo_knn_median_k8,891.0
parking_number,828.2
land_prev_price_k5,824.2
land_setback_flg,815.2
n05_station_count_1.0km,811.2
post2_log1p,807.0
post1,791.8
land_area_all,784.6
parking_money_per_area,764.0
new_date_year,755.4
flg_investment,744.2
land_main_price_median_k5,743.2
land_price_yoy_log1p,731.8
parking_money_isnull,721.4
land_road_cond,714.8
addr1_2_te_median_cv,700.2
addr1_2_freq,694.8
money_kyoueki_log1p,668.4
unit_count_log1p,661.6
land_prev_price_median_k5,660.6
geo_knn_mean_r0.5_log1p,649.2
rosen_name2_freq,636.2
snapshot_land_shidou,620.0
timelimit_date_month,618.0
parking_number_isnull,599.6
money_shuuzen_log1p,594.8
nl,593.4
money_sonota1,568.2
floor_count_log1p,564.0
geo_knn_median_r0.5_log1p,551.8
el,550.0
parking_money,542.2
house_kanrinin,539.0
management_association_flg,519.8
building_create_date_year,510.8
land_chisei_isnull,506.8
bus_time1,499.4
balcony_area_log1p,499.4
geo_knn_mean_r1.0_log1p,495.6
reform_interior_freq,495.2
bukken_type_te_median_cv,490.6
N03_003,482.8
shopping_street_distance,482.6
addr3_name_isnull,480.4
land_chisei,473.8
land_kenpei,471.8
dwelling_unit_window_angle_isnull,471.4
land_area_kind,464.2
room_count,463.8
geo_near_price_log1p,444.2
addr1_1,437.0
geo_knn_median_r1.0_log1p,426.6
empty_number_isnull,421.8
land_seigen,413.6
parking_money_tax_isnull,410.2
super_distance_isnull,398.2
addr3_name_freq,391.6
addr1_1_freq,378.0
convenience_distance_isnull,375.8
geo_knn_mean_r2.0_log1p,375.2
n05_station_count_0.5km,373.6
building_type,369.8
reform_wet_area_freq,367.0
snapshot_modify_date_year,355.4
snapshot_window_angle_isnull,353.0
bukken_type,352.4
land_toshi,346.6
parking_money_tax,341.4
lat_cos,338.2
land_area_all_log1p,337.0
land_road_cond_isnull,335.4
building_age_bin,330.0
madori_number_all_log1p,315.2
geo_knn_median_r2.0_log1p,314.0
snapshot_modify_date_month,312.6
bus_stop1,310.8
unit_count_isnull,308.2
building_status,306.8
reform_wet_area_isnull,304.0
geo_cluster10,303.0
total_floor_area_isnull,302.0
geo_knn_mean_k3_log1p,301.6
addr1_1_te_median_cv,300.8
money_sonota_str1,300.6
drugstore_distance_isnull,297.2
lon_sin,295.8
geo_knn_median_k3_log1p,287.8
rosen_name2_isnull,284.2
land_seigen_isnull,277.0
geo_knn_mean_k20_log1p,276.2
reform_interior_isnull,273.6
geo_knn_min_dist_km_k8,273.0
land_mochibun_a,268.8
geo_knn_mean_k5_log1p,266.6
park_distance_isnull,258.0
land_mochibun_b,258.0
balcony_area_isnull,249.6
parking_memo,245.0
snapshot_land_shidou_isnull,241.6
geo_knn_median_k5_log1p,240.0
hospital_distance_isnull,240.0
geo_knn_mean_k8_log1p,237.6
est_other_name_isnull,237.0
money_rimawari_now,234.4
management_form,233.2
land_setback_isnull,232.8
school_jun_name_isnull,228.0
target_month,225.4
geo_knn_mean_k10_log1p,222.0
land_area_all_isnull,221.0
min_travel_time,218.4
bank_distance_isnull,216.8
geo_knn_median_k20_log1p,214.2
bus_time2,212.4
land_main_price_log1p,209.0
renovation_date_year,208.2
target_year,196.4
school_ele_name_isnull,195.8
land_prev_price_log1p,189.8
land_youseki_log1p,181.0
empty_number,180.8
parking_number_log1p,178.8
geo_knn_median_k8_log1p,178.4
geo_knn_median_k10_log1p,172.6
building_land_chimoku_isnull,172.4
building_land_chimoku,170.4
land_main_price_k5_log1p,169.8
renovation_etc,167.4
reform_interior_other,159.6
land_prev_price_k5_log1p,155.8
money_shuuzen_isnull,153.4
land_seigen_freq,149.8
building_create_date_month,149.2
renovation_date_month,146.0
room_kaisuu_isnull,144.0
est_other_name_freq,142.8
reform_exterior,141.8
parking_distance_isnull,138.2
unit_area_min_isnull,133.4
basement_floor_count_isnull,133.0
land_main_price_median_k5_log1p,129.8
building_area,129.2
land_prev_price_median_k5_log1p,128.0
building_area_kind_isnull,127.2
school_ele_distance_isnull,126.6
school_jun_distance_isnull,125.0
money_sonota_str2,122.8
money_sonota1_log1p,122.0
lat_rad,119.4
bus_time1_isnull,115.6
flg_investment_isnull,115.0
land_setback,114.8
traffic_other_isnull,114.6
parking_money_log1p,112.2
parking_distance,112.0
empty_contents_isnull,108.0
lon_rad,107.8
money_kyoueki_isnull,107.0
money_sonota2,103.0
land_shidou_a,100.8
bus_time1_log1p,100.4
bus_stop2,100.2
land_setback_flg_isnull,99.6
management_form_isnull,97.6
building_land_area_isnull,95.2
room_count_log1p,94.6
house_kanrinin_isnull,94.0
parking_memo_isnull,93.0
bus_stop1_isnull,89.2
land_kenpei_log1p,85.4
land_shidou_b,84.4
shopping_street_distance_isnull,82.4
reform_exterior_date_year_isnull,82.0
reform_interior_other_isnull,73.4
money_rimawari_now_isnull,73.2
money_sonota1_isnull,69.4
eki_name2_isnull,69.2
flg_new,64.8
money_sonota_str1_isnull,63.2
management_association_flg_isnull,62.2
lon_cos,58.8
reform_exterior_isnull,58.8
reform_wet_area_other,57.8
geo_knn_min_dist_km_k10,55.0
parking_keiyaku,54.6
money_sonota_str1_freq,54.2
land_mochibun_a_log1p,53.6
land_area_kind_isnull,52.8
bus_time2_isnull,52.2
money_rimawari_now_log1p,51.8
traffic_other,51.0
land_mochibun_b_log1p,50.8
est_other_distance_isnull,47.4
N03_003_te_mean,47.4
land_mochibun_a_isnull,43.2
snapshot_land_area_isnull,41.8
bus_stop2_isnull,41.4
bus_time2_log1p,41.0
empty_number_log1p,40.6
reform_place_other,35.8
unit_name_isnull,33.4
land_shidou_a_isnull,31.4
timelimit_date_year,31.2
traffic_other_freq,30.4
parking_memo_freq,30.2
reform_interior_other_freq,28.0
lat_sin,27.2
unit_area_max_isnull,26.8
land_setback_log1p,22.0
renovation_etc_isnull,21.4
room_floor_isnull,20.2
money_sonota2_log1p,19.2
N03_002_te_mean,18.4
bus_stop1_freq,17.8
basement_floor_count,14.8
reform_exterior_date_month_isnull,13.6
building_area_isnull,13.4
land_mochibun_b_isnull,13.4
renovation_date_year_isnull,12.8
renovation_etc_freq,12.4
walk_distance2_isnull,12.4
land_shidou_b_isnull,12.4
money_sonota_str2_isnull,10.0
reform_common_area_date_year_isnull,9.8
bus_stop2_freq,9.0
geo_knn_min_dist_km_k20,9.0
parking_keiyaku_isnull,8.2
money_sonota_str2_freq,7.6
money_sonota2_isnull,7.4
reform_wet_area_other_freq,5.8
reform_wet_area_other_isnull,5.4
reform_place_other_freq,4.4
N03_002,3.8
geo_knn_year_used,3.6
renovation_date_month_isnull,3.6
basement_floor_count_log1p,3.6
reform_common_area_date_month_isnull,2.2
reform_place_other_isnull,0.8
land_main_year_used,0.6
land_prev_year_used,0.0
reform_common_area_date_year,0.0
reform_common_area_date_month,0.0
reform_exterior_date_year,0.0
reform_exterior_date_month,0.0
